create database AnchoredMassage
Go
use AnchoredMassage;
/*
Author: Nicholas Hays
AnchoredMassage Database
*/

/* Table for therapist */
CREATE TABLE THERAPIST (
[Therapist ID] int identity(1,1),
[First Name] nvarchar(20) NOT NULL,
[Last Name] nvarchar(20) NOT NULL,
Street nvarchar(50) NULL,
City nvarchar(20) NULL,
[State] nvarchar(15) NULL,
[Date of Birth] date NOT NULL,
[Zip] int NOT NULL,
[E-mail] nvarchar(30) NULL,
[cell] nvarchar(15) NULL,
[Hired on] date NOT NULL

constraint therapistID_PK PRIMARY KEY([Therapist ID])
)

/* table for patient */
CREATE TABLE PATIENT (
[Patient ID] int identity(1,1),
[First Name] nvarchar(20) NOT NULL,
[Last Name] nvarchar(20) NOT NULL,
Street nvarchar(50) NOT NULL,
City nvarchar(20) NOT NULL,
[State] nvarchar(15) NOT NULL,
[Zip] int NOT NULL,
[Date of Birth] date NOT NULL,
[E-mail] nvarchar(30) NOT NULL,
[Cell #] nvarchar(15) NULL,

constraint patientID_PK PRIMARY KEY([Patient ID])


)

/* insurance authorization table */
CREATE TABLE [INS_AUTHORIZATION] (
[Patient ID] int,
[Authorization #] nvarchar(15),
[Number of Visits] int NULL,
[Eff. Start Date] date,
[Eff. End Date] date

constraint patientAuth_FK FOREIGN KEY([Patient ID]) REFERENCES PATIENT
ON DELETE CASCADE
constraint patientAUTH_PK PRIMARY KEY([Patient ID], [Authorization #])
)

/* insurance table */
CREATE TABLE INSURANCE (
[Patient ID] int, 
[Policy Number] nvarchar(10),
[Group Number] nvarchar(10),
[Group Name] nvarchar(20) NOT NULL,
Deductible int NULL


constraint patientINS_PK PRIMARY KEY([Patient ID], [Policy Number], [Group Number]),
constraint patientINS_FK FOREIGN KEY([Patient ID]) REFERENCES PATIENT
ON DELETE CASCADE

)

/* service table */
CREATE TABLE [SERVICE] (
[Service Name] nvarchar(40),
[Service Desc.] nvarchar(255) NOT NULL

constraint serviceName_PK PRIMARY KEY([Service Name])
)

/* Appointment table */
CREATE TABLE APPOINTMENT (
[Patient ID] int,
[Therapist ID] int,
[Date] date,
[Start Time] time,
[End Time] time NOT NULL,
[Service Name] nvarchar(40),
[Reason for Visit] nvarchar(255) NULL

constraint service_FK FOREIGN KEY([Service Name]) REFERENCES [SERVICE],
constraint patientApt_FK FOREIGN KEY([Patient ID]) REFERENCES PATIENT
ON DELETE CASCADE,
constraint therapistID_FK FOREIGN KEY([Therapist ID]) REFERENCES THERAPIST,
constraint composite_PK PRIMARY KEY([Patient ID], [Therapist ID], [Date], [Start Time])
)
insert into PATIENT values('Nick', 'Williams', '4356 Talbot rd east', 'Lakewood', 'WA', '26154', cast('1990-12-16' as date), 'rachel.hays.12@me.com', '253-374-4938')
insert into PATIENT values('Chris', 'Dicusar', '24365 alemeda st east', 'Kirkland', 'WA', '98467', cast('1989-08-24' as date), 'ethan.rowell.22@google.com', '253-362-2752')
insert into PATIENT values('Louis', 'Hays', '9178 43rd street west', 'Kirkland', 'WA', '98033', cast('1945-10-02' as date), 'louse.franco.12@hotmail.com', '253-875-3626')
insert into PATIENT values('Rachel', 'Pasero', '9847 Drum Rd', 'University Place', 'WA', '98467', cast('1958-04-10' as date), 'debihays@me.com', '206-267-9563')
insert into PATIENT values('Kevin', 'Franco', '24365 alemeda st east', 'University Place', 'WA', '98033', cast('1945-10-02' as date), 'louse.franco.12@hotmail.com', '253-362-2752')
insert into PATIENT values('Rachel', 'Hays', '9178 43rd street west', 'University Place', 'WA', '98467', cast('1958-04-10' as date), 'kevin.reese34@yahoo.com', '253-283-3726')
insert into PATIENT values('Chris', 'Pasero', '4356 Talbot rd east', 'Federal Way', 'WA', '26154', cast('1958-04-10' as date), 'nicholashays89@hotmail.com', '253-465-1234')
insert into PATIENT values('Debi', 'Franco', '11235 apt 45 bridgeport way', 'Lakewood', 'WA', '94817', cast('1990-04-12' as date), 'debihays@me.com', '253-875-3626')
insert into PATIENT values('Ethan', 'Reese', '24365 alemeda st east', 'Seattle', 'WA', '98045', cast('1990-12-16' as date), 'kevin.reese34@yahoo.com', '253-362-2626')
insert into PATIENT values('Debi', 'Rowell', '4356 Talbot rd east', 'University Place', 'WA', '98025', cast('1956-04-13' as date), 'louse.franco.12@hotmail.com', '253-283-3726')
insert into PATIENT values('Ethan', 'Reese', '24365 alemeda st east', 'Federal Way', 'WA', '98033', cast('1989-08-24' as date), 'ben.pasero.21@gmail.com', '206-267-9563')
insert into PATIENT values('Nick', 'Dicusar', '9178 43rd street west', 'Seattle', 'WA', '98033', cast('1945-10-02' as date), 'ben.pasero.21@gmail.com', '206-267-9563')
insert into PATIENT values('Kevin', 'Reese', '3456 danger wat', 'University Place', 'WA', '98045', cast('1945-10-02' as date), 'kevin.reese34@yahoo.com', '253-362-2626')
insert into PATIENT values('Victoria', 'Hays', '9847 Drum Rd', 'University Place', 'WA', '94817', cast('1990-12-16' as date), 'louse.franco.12@hotmail.com', '253-875-3626')
insert into PATIENT values('Ethan', 'Franco', '24365 alemeda st east', 'University Place', 'WA', '94817', cast('1990-04-12' as date), 'victoriad29@yahoo.com', '206-263-7457')
insert into PATIENT values('Victoria', 'Pasero', '24365 alemeda st east', 'Tacoma', 'WA', '98025', cast('1991-08-21' as date), 'chris.hays@yahoo.net', '206-267-9563')
insert into PATIENT values('Rachel', 'Franco', '3456 danger wat', 'University Place', 'WA', '98467', cast('1945-10-02' as date), 'victoriad29@yahoo.com', '253-465-1234')
insert into PATIENT values('Nick', 'Dicusar', '3456 danger wat', 'University Place', 'WA', '98033', cast('1990-04-12' as date), 'ethan.rowell.22@google.com', '253-362-2752')
insert into PATIENT values('Rachel', 'Hays', '24365 alemeda st east', 'Tacoma', 'WA', '98467', cast('1958-04-10' as date), 'debihays@me.com', '253-465-1234')
insert into PATIENT values('Chris', 'Williams', '3456 danger wat', 'Lakewood', 'WA', '98467', cast('1989-08-24' as date), 'kevin.reese34@yahoo.com', '253-875-3626')
insert into PATIENT values('Ben', 'Reese', '4356 Talbot rd east', 'Kirkland', 'WA', '26154', cast('1990-04-12' as date), 'victoriad29@yahoo.com', '253-465-1234')
insert into PATIENT values('Kevin', 'Hays', '9178 43rd street west', 'Tacoma', 'WA', '98467', cast('1990-04-12' as date), 'rachel.hays.12@me.com', '253-465-1234')
insert into PATIENT values('Louis', 'Williams', '11235 apt 45 bridgeport way', 'University Place', 'WA', '98467', cast('1945-10-02' as date), 'kevin.reese34@yahoo.com', '206-152-6854')
insert into PATIENT values('Victoria', 'Rowell', '9178 43rd street west', 'Seattle', 'WA', '94817', cast('1990-04-12' as date), 'chris.hays@yahoo.net', '253-465-1234')
insert into PATIENT values('Louis', 'Dicusar', '4356 Talbot rd east', 'Seattle', 'WA', '98467', cast('1991-06-25' as date), 'ben.pasero.21@gmail.com', '206-263-7457')
insert into PATIENT values('Debi', 'Dicusar', '4356 Talbot rd east', 'Kirkland', 'WA', '94817', cast('1990-04-12' as date), 'ethan.rowell.22@google.com', '253-875-3626')
insert into PATIENT values('Victoria', 'Hays', '4356 Talbot rd east', 'Lakewood', 'WA', '98033', cast('1989-03-14' as date), 'nicholashays89@hotmail.com', '253-362-2752')
insert into PATIENT values('Kevin', 'Hays', '24365 alemeda st east', 'Seattle', 'WA', '98033', cast('1991-08-21' as date), 'ben.pasero.21@gmail.com', '206-263-7457')
insert into PATIENT values('Ben', 'Reese', '9847 Drum Rd', 'University Place', 'WA', '94817', cast('1956-04-13' as date), 'ethan.rowell.22@google.com', '253-362-2752')
insert into PATIENT values('Rachel', 'Franco', '24365 alemeda st east', 'Tacoma', 'WA', '94817', cast('1991-08-21' as date), 'rachel.hays.12@me.com', '253-374-4938')
insert into PATIENT values('Rachel', 'Dicusar', '11235 apt 45 bridgeport way', 'University Place', 'WA', '98033', cast('1990-04-12' as date), 'chris.hays@yahoo.net', '206-152-6854')
insert into PATIENT values('Chris', 'Williams', '4356 Talbot rd east', 'University Place', 'WA', '98033', cast('1989-03-14' as date), 'ethan.rowell.22@google.com', '253-362-2626')
insert into PATIENT values('Debi', 'Franco', '9178 43rd street west', 'Lakewood', 'WA', '98025', cast('1956-04-13' as date), 'kevin.reese34@yahoo.com', '206-152-6854')
insert into PATIENT values('Nick', 'Williams', '24365 alemeda st east', 'Tacoma', 'WA', '98467', cast('1991-08-21' as date), 'debihays@me.com', '253-362-2626')
insert into PATIENT values('Louis', 'Pasero', '9178 43rd street west', 'Federal Way', 'WA', '98467', cast('1991-08-21' as date), 'victoriad29@yahoo.com', '206-152-6854')
insert into PATIENT values('Chris', 'Reese', '24365 alemeda st east', 'University Place', 'WA', '98033', cast('1989-03-14' as date), 'kevin.reese34@yahoo.com', '253-374-4938')
insert into PATIENT values('Debi', 'Rowell', '11235 apt 45 bridgeport way', 'Federal Way', 'WA', '98467', cast('1989-08-24' as date), 'debihays@me.com', '253-362-2752')
insert into PATIENT values('Chris', 'Dicusar', '11235 apt 45 bridgeport way', 'Seattle', 'WA', '94817', cast('1990-04-12' as date), 'kevin.reese34@yahoo.com', '253-362-2626')
insert into PATIENT values('Chris', 'Hays', '9178 43rd street west', 'University Place', 'WA', '94817', cast('1991-08-21' as date), 'rachel.hays.12@me.com', '253-465-1234')
insert into PATIENT values('Rachel', 'Rowell', '9178 43rd street west', 'Tacoma', 'WA', '94817', cast('1991-06-25' as date), 'ben.pasero.21@gmail.com', '253-362-2626')
insert into PATIENT values('Debi', 'Rowell', '24365 alemeda st east', 'Lakewood', 'WA', '98467', cast('1989-08-24' as date), 'rachel.hays.12@me.com', '253-875-3626')
insert into PATIENT values('Rachel', 'Reese', '9178 43rd street west', 'Tacoma', 'WA', '94817', cast('1990-04-12' as date), 'nicholashays89@hotmail.com', '253-283-3726')
insert into PATIENT values('Victoria', 'Rowell', '3456 danger wat', 'Tacoma', 'WA', '26154', cast('1989-08-24' as date), 'chris.hays@yahoo.net', '206-152-6854')
insert into PATIENT values('Victoria', 'Pasero', '24365 alemeda st east', 'University Place', 'WA', '94817', cast('1989-08-24' as date), 'kevin.reese34@yahoo.com', '253-875-3626')
insert into PATIENT values('Chris', 'Hays', '9178 43rd street west', 'Federal Way', 'WA', '26154', cast('1945-10-02' as date), 'rachel.hays.12@me.com', '206-267-9563')
insert into PATIENT values('Victoria', 'Reese', '9847 Drum Rd', 'Kirkland', 'WA', '98045', cast('1958-04-10' as date), 'nicholashays89@hotmail.com', '253-374-4938')
insert into PATIENT values('Chris', 'Reese', '9847 Drum Rd', 'Lakewood', 'WA', '98467', cast('1991-08-21' as date), 'debihays@me.com', '253-283-3726')
insert into PATIENT values('Victoria', 'Dicusar', '3456 danger wat', 'University Place', 'WA', '94817', cast('1956-04-13' as date), 'victoriad29@yahoo.com', '253-374-4938')
insert into PATIENT values('Louis', 'Reese', '11235 apt 45 bridgeport way', 'Federal Way', 'WA', '98025', cast('1990-04-12' as date), 'nicholashays89@hotmail.com', '253-283-3726')
insert into PATIENT values('Victoria', 'Rowell', '3456 danger wat', 'Kirkland', 'WA', '94817', cast('1956-04-13' as date), 'debihays@me.com', '253-465-1234')
insert into PATIENT values('Ethan', 'Reese', '9178 43rd street west', 'Federal Way', 'WA', '98467', cast('1989-08-24' as date), 'ben.pasero.21@gmail.com', '253-362-2752')
insert into PATIENT values('Ben', 'Rowell', '9847 Drum Rd', 'Tacoma', 'WA', '26154', cast('1958-04-10' as date), 'debihays@me.com', '206-152-6854')
insert into PATIENT values('Debi', 'Pasero', '11235 apt 45 bridgeport way', 'University Place', 'WA', '98045', cast('1990-12-16' as date), 'rachel.hays.12@me.com', '253-465-1234')
insert into PATIENT values('Ethan', 'Dicusar', '11235 apt 45 bridgeport way', 'Kirkland', 'WA', '94817', cast('1991-08-21' as date), 'kevin.reese34@yahoo.com', '253-283-3726')
insert into PATIENT values('Victoria', 'Hays', '4356 Talbot rd east', 'Tacoma', 'WA', '98025', cast('1945-10-02' as date), 'kevin.reese34@yahoo.com', '253-374-4938')
insert into PATIENT values('Debi', 'Dicusar', '9178 43rd street west', 'University Place', 'WA', '98045', cast('1989-03-14' as date), 'nicholashays89@hotmail.com', '253-362-2752')
insert into PATIENT values('Victoria', 'Rowell', '11235 apt 45 bridgeport way', 'University Place', 'WA', '26154', cast('1945-10-02' as date), 'debihays@me.com', '206-263-7457')
insert into PATIENT values('Rachel', 'Hays', '4356 Talbot rd east', 'Tacoma', 'WA', '98025', cast('1989-03-14' as date), 'ben.pasero.21@gmail.com', '206-263-7457')
insert into PATIENT values('Kevin', 'Reese', '9847 Drum Rd', 'Tacoma', 'WA', '98467', cast('1991-08-21' as date), 'debihays@me.com', '253-362-2752')
insert into PATIENT values('Rachel', 'Rowell', '4356 Talbot rd east', 'University Place', 'WA', '94817', cast('1958-04-10' as date), 'ben.pasero.21@gmail.com', '253-283-3726')
insert into PATIENT values('Kevin', 'Rowell', '3456 danger wat', 'Federal Way', 'WA', '98045', cast('1990-12-16' as date), 'chris.hays@yahoo.net', '253-465-1234')
insert into PATIENT values('Victoria', 'Hays', '4356 Talbot rd east', 'Federal Way', 'WA', '26154', cast('1958-04-10' as date), 'kevin.reese34@yahoo.com', '206-263-7457')
insert into PATIENT values('Ben', 'Reese', '9178 43rd street west', 'University Place', 'WA', '98045', cast('1990-04-12' as date), 'louse.franco.12@hotmail.com', '206-267-9563')
insert into PATIENT values('Victoria', 'Pasero', '3456 danger wat', 'Lakewood', 'WA', '98467', cast('1990-12-16' as date), 'chris.hays@yahoo.net', '206-152-6854')
insert into PATIENT values('Nick', 'Williams', '4356 Talbot rd east', 'University Place', 'WA', '98025', cast('1989-03-14' as date), 'nicholashays89@hotmail.com', '206-263-7457')
insert into PATIENT values('Ben', 'Rowell', '24365 alemeda st east', 'Kirkland', 'WA', '98045', cast('1989-03-14' as date), 'louse.franco.12@hotmail.com', '206-263-7457')
insert into PATIENT values('Chris', 'Williams', '24365 alemeda st east', 'Tacoma', 'WA', '98467', cast('1991-08-21' as date), 'chris.hays@yahoo.net', '206-267-9563')
insert into PATIENT values('Chris', 'Reese', '9847 Drum Rd', 'University Place', 'WA', '98025', cast('1945-10-02' as date), 'nicholashays89@hotmail.com', '253-283-3726')
insert into PATIENT values('Kevin', 'Hays', '9847 Drum Rd', 'Lakewood', 'WA', '94817', cast('1945-10-02' as date), 'nicholashays89@hotmail.com', '253-374-4938')
insert into PATIENT values('Debi', 'Hays', '9178 43rd street west', 'University Place', 'WA', '98467', cast('1989-03-14' as date), 'louse.franco.12@hotmail.com', '206-267-9563')
insert into PATIENT values('Rachel', 'Pasero', '24365 alemeda st east', 'Seattle', 'WA', '98467', cast('1990-12-16' as date), 'nicholashays89@hotmail.com', '206-263-7457')
insert into PATIENT values('Victoria', 'Hays', '24365 alemeda st east', 'University Place', 'WA', '98033', cast('1990-12-16' as date), 'debihays@me.com', '206-263-7457')
insert into PATIENT values('Louis', 'Hays', '24365 alemeda st east', 'Tacoma', 'WA', '94817', cast('1989-03-14' as date), 'ben.pasero.21@gmail.com', '206-263-7457')
insert into PATIENT values('Debi', 'Reese', '11235 apt 45 bridgeport way', 'Seattle', 'WA', '98467', cast('1991-06-25' as date), 'rachel.hays.12@me.com', '253-374-4938')
insert into PATIENT values('Ben', 'Reese', '9178 43rd street west', 'Seattle', 'WA', '98033', cast('1990-12-16' as date), 'kevin.reese34@yahoo.com', '253-283-3726')
insert into PATIENT values('Chris', 'Reese', '24365 alemeda st east', 'Tacoma', 'WA', '98033', cast('1989-03-14' as date), 'kevin.reese34@yahoo.com', '206-152-6854')
insert into PATIENT values('Ben', 'Pasero', '9178 43rd street west', 'Tacoma', 'WA', '98045', cast('1989-08-24' as date), 'louse.franco.12@hotmail.com', '253-374-4938')
insert into PATIENT values('Ethan', 'Dicusar', '24365 alemeda st east', 'Kirkland', 'WA', '98033', cast('1945-10-02' as date), 'rachel.hays.12@me.com', '206-263-7457')
insert into PATIENT values('Nick', 'Pasero', '9178 43rd street west', 'Kirkland', 'WA', '26154', cast('1958-04-10' as date), 'louse.franco.12@hotmail.com', '253-283-3726')
insert into PATIENT values('Victoria', 'Dicusar', '11235 apt 45 bridgeport way', 'University Place', 'WA', '98033', cast('1956-04-13' as date), 'kevin.reese34@yahoo.com', '206-152-6854')
insert into PATIENT values('Chris', 'Williams', '4356 Talbot rd east', 'Federal Way', 'WA', '98467', cast('1990-12-16' as date), 'rachel.hays.12@me.com', '253-362-2626')
insert into PATIENT values('Victoria', 'Dicusar', '9847 Drum Rd', 'University Place', 'WA', '98045', cast('1958-04-10' as date), 'rachel.hays.12@me.com', '253-283-3726')
insert into PATIENT values('Nick', 'Dicusar', '24365 alemeda st east', 'Tacoma', 'WA', '98045', cast('1990-12-16' as date), 'chris.hays@yahoo.net', '253-374-4938')
insert into PATIENT values('Rachel', 'Franco', '9178 43rd street west', 'Lakewood', 'WA', '98025', cast('1956-04-13' as date), 'rachel.hays.12@me.com', '206-263-7457')
insert into PATIENT values('Chris', 'Rowell', '4356 Talbot rd east', 'Tacoma', 'WA', '26154', cast('1991-06-25' as date), 'victoriad29@yahoo.com', '253-875-3626')
insert into PATIENT values('Chris', 'Dicusar', '4356 Talbot rd east', 'Seattle', 'WA', '98033', cast('1989-03-14' as date), 'nicholashays89@hotmail.com', '253-362-2752')
insert into PATIENT values('Debi', 'Hays', '9847 Drum Rd', 'University Place', 'WA', '98045', cast('1991-08-21' as date), 'ethan.rowell.22@google.com', '253-374-4938')
insert into PATIENT values('Rachel', 'Hays', '9178 43rd street west', 'Tacoma', 'WA', '98025', cast('1991-08-21' as date), 'victoriad29@yahoo.com', '253-465-1234')
insert into PATIENT values('Ethan', 'Hays', '9178 43rd street west', 'Federal Way', 'WA', '98467', cast('1991-08-21' as date), 'rachel.hays.12@me.com', '253-283-3726')
insert into PATIENT values('Victoria', 'Williams', '24365 alemeda st east', 'Seattle', 'WA', '98033', cast('1990-12-16' as date), 'ethan.rowell.22@google.com', '253-875-3626')
insert into PATIENT values('Ethan', 'Hays', '3456 danger wat', 'Federal Way', 'WA', '26154', cast('1990-04-12' as date), 'chris.hays@yahoo.net', '253-465-1234')
insert into PATIENT values('Chris', 'Williams', '9178 43rd street west', 'Lakewood', 'WA', '94817', cast('1989-08-24' as date), 'debihays@me.com', '253-875-3626')
insert into PATIENT values('Victoria', 'Reese', '9178 43rd street west', 'University Place', 'WA', '98033', cast('1990-12-16' as date), 'victoriad29@yahoo.com', '253-374-4938')
insert into PATIENT values('Ben', 'Hays', '4356 Talbot rd east', 'Kirkland', 'WA', '94817', cast('1990-12-16' as date), 'ben.pasero.21@gmail.com', '253-374-4938')
insert into PATIENT values('Kevin', 'Dicusar', '9178 43rd street west', 'Federal Way', 'WA', '98467', cast('1991-06-25' as date), 'louse.franco.12@hotmail.com', '253-362-2752')
insert into PATIENT values('Louis', 'Dicusar', '9178 43rd street west', 'Kirkland', 'WA', '98467', cast('1990-04-12' as date), 'louse.franco.12@hotmail.com', '253-283-3726')
insert into PATIENT values('Louis', 'Hays', '3456 danger wat', 'University Place', 'WA', '94817', cast('1990-12-16' as date), 'victoriad29@yahoo.com', '253-875-3626')
insert into PATIENT values('Ethan', 'Williams', '9178 43rd street west', 'Tacoma', 'WA', '98033', cast('1989-08-24' as date), 'debihays@me.com', '253-875-3626')
insert into PATIENT values('Louis', 'Reese', '4356 Talbot rd east', 'Tacoma', 'WA', '26154', cast('1945-10-02' as date), 'louse.franco.12@hotmail.com', '206-267-9563')
insert into THERAPIST values('Carissa', 'Hansen', '1515 kim wat', 'Tacoma', 'WA', cast('1991-08-02' as date), '98426', 'Kassandra', '206-152-7474', cast('2013-04-13' as date))
insert into THERAPIST values('Tammy', 'Franker', '1515 kim wat', 'Kirkland', 'WA', cast('1987-03-16' as date), '98252', 'amanda.dahl@gmail.com', '206-152-7474', cast('2013-04-13' as date))
insert into THERAPIST values('Tammy', 'Black', '3517 18th street west', 'Kirkland', 'WA', cast('1967-03-11' as date), '98252', 'amanda.dahl@gmail.com', '206-637-5844', cast('2015-06-25' as date))
insert into THERAPIST values('Tammy', 'Black', '3521 alemeda st west', 'North Bend', 'WA', cast('1987-12-25' as date), '98425', 'kasey100@me.com', '253-435-2742', cast('2011-12-16' as date))
insert into THERAPIST values('Tammy', 'Jansen', '3678 Kint Rd', 'Tacoma', 'WA', cast('1967-09-21' as date), '98033', 'Kassandra', '253-793-2573', cast('2013-04-13' as date))
insert into THERAPIST values('Kim', 'Konig', '35217 KamTAm st east', 'Kirkland', 'WA', cast('1987-12-25' as date), '98462', 'amanda.dahl@gmail.com', '425-526-3844', cast('2011-12-16' as date))
insert into THERAPIST values('Kasey', 'Jansen', '3678 Kint Rd', 'Tacoma', 'WA', cast('1967-09-21' as date), '98033', 'amanda.dahl@gmail.com', '206-345-3836', cast('2012-04-12' as date))
insert into THERAPIST values('clark', 'Brown', '3678 Kint Rd', 'Federal Way', 'WA', cast('1967-09-21' as date), '98426', 'carissaa34@google.com', '425-526-3844', cast('2012-04-10' as date))
insert into THERAPIST values('Carissa', 'Key', '3515 kramer rd east', 'Federal Way', 'WA', cast('1967-11-14' as date), '98425', 'kimwilliams@hotmail.com', '206-345-3836', cast('2015-08-24' as date))
insert into THERAPIST values('Tammy', 'Jansen', '3251 23rd street west', 'University Place', 'WA', cast('1967-09-21' as date), '98426', 'tammyk@yahoo.com', '206-152-7474', cast('2010-08-21' as date))
insert into THERAPIST values('Amanda', 'Konig', '3517 18th street west', 'University Place', 'WA', cast('1945-08-16' as date), '98425', 'kimwilliams@hotmail.com', '425-444-3747', cast('2013-03-14' as date))
insert into THERAPIST values('Kode', 'Konig', '3678 Kint Rd', 'Tacoma', 'WA', cast('1967-07-23' as date), '98426', 'tammyk@yahoo.com', '425-353-9896', cast('2015-08-24' as date))
insert into THERAPIST values('Kasey', 'Black', '3525 24th street west', 'North Bend', 'WA', cast('1987-03-16' as date), '98462', 'clark100@yahoo.net', '206-345-3836', cast('2010-08-21' as date))
insert into THERAPIST values('clark', 'Jansen', '15662 apt 45 bridgeport way', 'Federal Way', 'WA', cast('1990-02-12' as date), '98426', 'Kode11@hotmail.com', '425-353-9896', cast('2012-04-12' as date))
insert into THERAPIST values('Kasey', 'Yahoo', '35217 KamTAm st east', 'Kirkland', 'WA', cast('1945-08-16' as date), '98467', 'kimwilliams@hotmail.com', '206-152-7474', cast('2015-06-25' as date))
insert into THERAPIST values('Kasey', 'Yahoo', '3517 18th street west', 'Tacoma', 'WA', cast('1991-08-02' as date), '98462', 'carissaa34@google.com', '253-793-2573', cast('2012-10-02' as date))
insert into THERAPIST values('Tammy', 'Brown', '1515 kim wat', 'University Place', 'WA', cast('1987-12-25' as date), '98454', 'carissaa34@google.com', '253-793-2573', cast('2011-12-16' as date))
insert into THERAPIST values('Kim', 'Black', '3251 23rd street west', 'Kirkland', 'WA', cast('1987-12-25' as date), '98462', 'kasey100@me.com', '425-353-9896', cast('2015-08-24' as date))
insert into THERAPIST values('Kode', 'Franker', '3521 alemeda st west', 'Tacoma', 'WA', cast('1987-03-16' as date), '98462', 'kimwilliams@hotmail.com', '425-526-3844', cast('2015-06-25' as date))
insert into THERAPIST values('Tammy', 'Brown', '3517 18th street west', 'Tacoma', 'WA', cast('1987-03-16' as date), '98425', 'amanda.dahl@gmail.com', '425-526-3844', cast('2013-04-13' as date))
insert into THERAPIST values('Amanda', 'Franker', '3517 18th street west', 'Tacoma', 'WA', cast('1945-08-16' as date), '98462', 'kimwilliams@hotmail.com', '206-637-5844', cast('2012-04-12' as date))
insert into THERAPIST values('Kasey', 'Jansen', '15662 apt 45 bridgeport way', 'Tacoma', 'WA', cast('1987-03-16' as date), '98454', 'kasey100@me.com', '206-345-3836', cast('2013-03-14' as date))
insert into THERAPIST values('Tammy', 'Konig', '3521 alemeda st west', 'Kirkland', 'WA', cast('1945-08-16' as date), '98426', 'carissaa34@google.com', '206-648-4654', cast('2012-04-12' as date))
insert into THERAPIST values('Kode', 'Konig', '3678 Kint Rd', 'Kirkland', 'WA', cast('1987-12-25' as date), '98426', 'Kassandra', '206-637-5844', cast('2012-04-12' as date))
insert into THERAPIST values('Cassandra', 'Key', '3251 23rd street west', 'Federal Way', 'WA', cast('1967-09-21' as date), '98462', 'carissaa34@google.com', '253-793-2573', cast('2013-03-14' as date))
insert into THERAPIST values('Kasey', 'Jansen', '35217 KamTAm st east', 'Tacoma', 'WA', cast('1987-12-25' as date), '98462', 'colleeen@yahoo.com', '206-637-5844', cast('2013-04-13' as date))
insert into THERAPIST values('Kasey', 'Konig', '3525 24th street west', 'Tacoma', 'WA', cast('1987-03-16' as date), '98252', 'colleeen@yahoo.com', '206-152-7474', cast('2012-10-02' as date))
insert into THERAPIST values('Amanda', 'Yahoo', '3251 23rd street west', 'Tacoma', 'WA', cast('1987-12-25' as date), '98426', 'clark100@yahoo.net', '206-345-3836', cast('2013-04-13' as date))
insert into THERAPIST values('Colleen', 'Key', '3525 24th street west', 'Tacoma', 'WA', cast('1945-08-16' as date), '98462', 'colleeen@yahoo.com', '253-793-2573', cast('2015-06-25' as date))
insert into THERAPIST values('clark', 'Key', '3515 kramer rd east', 'Kirkland', 'WA', cast('1945-08-16' as date), '98462', 'kasey100@me.com', '206-648-4654', cast('2013-04-13' as date))
insert into THERAPIST values('Kim', 'Black', '3517 18th street west', 'Federal Way', 'WA', cast('1967-09-21' as date), '98454', 'kasey100@me.com', '253-793-2573', cast('2010-08-21' as date))
insert into THERAPIST values('Tammy', 'Hansen', '3515 kramer rd east', 'Federal Way', 'WA', cast('1987-03-16' as date), '98467', 'kimwilliams@hotmail.com', '206-648-4654', cast('2012-10-02' as date))
insert into THERAPIST values('Kasey', 'Black', '3525 24th street west', 'North Bend', 'WA', cast('1987-03-16' as date), '98426', 'Kassandra', '425-353-9896', cast('2011-12-16' as date))
insert into THERAPIST values('Tammy', 'Jansen', '3517 18th street west', 'Federal Way', 'WA', cast('1990-02-12' as date), '98425', 'clark100@yahoo.net', '425-444-3747', cast('2012-04-12' as date))
insert into THERAPIST values('clark', 'Yahoo', '3517 18th street west', 'Federal Way', 'WA', cast('1967-09-21' as date), '98462', 'colleeen@yahoo.com', '425-526-3844', cast('2011-12-16' as date))
insert into THERAPIST values('Carissa', 'Williams', '3521 alemeda st west', 'Tacoma', 'WA', cast('1967-03-11' as date), '98454', 'amanda.dahl@gmail.com', '425-526-3844', cast('2012-10-02' as date))
insert into THERAPIST values('Kode', 'Konig', '3521 alemeda st west', 'Federal Way', 'WA', cast('1990-02-12' as date), '98425', 'amanda.dahl@gmail.com', '253-793-2573', cast('2015-08-24' as date))
insert into THERAPIST values('Kim', 'Key', '3525 24th street west', 'Tacoma', 'WA', cast('1967-09-21' as date), '98425', 'colleeen@yahoo.com', '253-435-2742', cast('2015-06-25' as date))
insert into THERAPIST values('clark', 'Hansen', '3521 alemeda st west', 'Tacoma', 'WA', cast('1967-09-21' as date), '98467', 'colleeen@yahoo.com', '206-345-3836', cast('2015-06-25' as date))
insert into THERAPIST values('Tammy', 'Brown', '3525 24th street west', 'Federal Way', 'WA', cast('1991-08-02' as date), '98252', 'Kassandra', '206-648-4654', cast('2012-10-02' as date))
insert into THERAPIST values('Kasey', 'Yahoo', '3515 kramer rd east', 'Kirkland', 'WA', cast('1990-02-12' as date), '98252', 'tammyk@yahoo.com', '206-152-7474', cast('2010-08-21' as date))
insert into THERAPIST values('Carissa', 'Brown', '3678 Kint Rd', 'Kirkland', 'WA', cast('1967-07-23' as date), '98454', 'tammyk@yahoo.com', '206-648-4654', cast('2012-04-12' as date))
insert into THERAPIST values('Kim', 'Hansen', '3251 23rd street west', 'North Bend', 'WA', cast('1967-09-21' as date), '98462', 'carissaa34@google.com', '425-353-9896', cast('2010-08-21' as date))
insert into THERAPIST values('Amanda', 'Yahoo', '1515 kim wat', 'Kirkland', 'WA', cast('1987-03-16' as date), '98462', 'clark100@yahoo.net', '425-444-3747', cast('2015-06-25' as date))
insert into THERAPIST values('Kim', 'Williams', '15662 apt 45 bridgeport way', 'Tacoma', 'WA', cast('1990-02-12' as date), '98467', 'colleeen@yahoo.com', '425-353-9896', cast('2015-08-24' as date))
insert into THERAPIST values('Kode', 'Key', '3251 23rd street west', 'Kirkland', 'WA', cast('1991-08-02' as date), '98425', 'Kassandra', '425-444-3747', cast('2015-06-25' as date))
insert into THERAPIST values('Kode', 'Yahoo', '3517 18th street west', 'Federal Way', 'WA', cast('1987-12-25' as date), '98426', 'carissaa34@google.com', '425-444-3747', cast('2011-12-16' as date))
insert into THERAPIST values('clark', 'Yahoo', '3678 Kint Rd', 'North Bend', 'WA', cast('1967-07-23' as date), '98125', 'Kode11@hotmail.com', '253-793-2573', cast('2012-04-10' as date))
insert into THERAPIST values('clark', 'Key', '3521 alemeda st west', 'Tacoma', 'WA', cast('1990-02-12' as date), '98462', 'Kode11@hotmail.com', '253-793-2573', cast('2015-08-24' as date))
insert into THERAPIST values('Kasey', 'Franker', '3525 24th street west', 'University Place', 'WA', cast('1990-02-12' as date), '98467', 'Kode11@hotmail.com', '253-435-2742', cast('2015-08-24' as date))
insert into THERAPIST values('Carissa', 'Key', '3678 Kint Rd', 'North Bend', 'WA', cast('1967-11-14' as date), '98462', 'clark100@yahoo.net', '206-345-3836', cast('2010-08-21' as date))
insert into THERAPIST values('Kim', 'Franker', '35217 KamTAm st east', 'Federal Way', 'WA', cast('1967-09-21' as date), '98125', 'tammyk@yahoo.com', '206-345-3836', cast('2010-08-21' as date))
insert into THERAPIST values('Amanda', 'Hansen', '3521 alemeda st west', 'North Bend', 'WA', cast('1967-11-14' as date), '98467', 'colleeen@yahoo.com', '206-637-5844', cast('2012-04-10' as date))
insert into THERAPIST values('Kode', 'Yahoo', '3525 24th street west', 'Tacoma', 'WA', cast('1991-08-02' as date), '98462', 'colleeen@yahoo.com', '425-353-9896', cast('2015-08-24' as date))
insert into THERAPIST values('Colleen', 'Konig', '35217 KamTAm st east', 'Federal Way', 'WA', cast('1967-03-11' as date), '98462', 'colleeen@yahoo.com', '253-435-2742', cast('2012-10-02' as date))
insert into THERAPIST values('Amanda', 'Black', '1515 kim wat', 'Tacoma', 'WA', cast('1967-07-23' as date), '98425', 'tammyk@yahoo.com', '253-435-2742', cast('2012-10-02' as date))
insert into THERAPIST values('Cassandra', 'Key', '3678 Kint Rd', 'Tacoma', 'WA', cast('1991-08-02' as date), '98426', 'amanda.dahl@gmail.com', '206-637-5844', cast('2012-04-12' as date))
insert into THERAPIST values('clark', 'Franker', '3251 23rd street west', 'Tacoma', 'WA', cast('1967-11-14' as date), '98252', 'kasey100@me.com', '206-648-4654', cast('2013-04-13' as date))
insert into THERAPIST values('clark', 'Jansen', '35217 KamTAm st east', 'Kirkland', 'WA', cast('1967-09-21' as date), '98033', 'Kassandra', '253-435-2742', cast('2012-04-10' as date))
insert into THERAPIST values('Kasey', 'Key', '3517 18th street west', 'Tacoma', 'WA', cast('1990-02-12' as date), '98454', 'clark100@yahoo.net', '253-435-2742', cast('2013-03-14' as date))
insert into THERAPIST values('Tammy', 'Jansen', '3515 kramer rd east', 'Federal Way', 'WA', cast('1967-09-21' as date), '98462', 'kasey100@me.com', '206-152-7474', cast('2015-08-24' as date))
insert into THERAPIST values('Tammy', 'Brown', '3515 kramer rd east', 'Federal Way', 'WA', cast('1991-08-02' as date), '98425', 'Kode11@hotmail.com', '425-444-3747', cast('2012-04-12' as date))
insert into THERAPIST values('Kode', 'Williams', '3678 Kint Rd', 'Federal Way', 'WA', cast('1987-03-16' as date), '98426', 'amanda.dahl@gmail.com', '206-152-7474', cast('2010-08-21' as date))
insert into THERAPIST values('Kode', 'Hansen', '35217 KamTAm st east', 'North Bend', 'WA', cast('1967-09-21' as date), '98425', 'amanda.dahl@gmail.com', '253-435-2742', cast('2011-12-16' as date))
insert into THERAPIST values('clark', 'Williams', '15662 apt 45 bridgeport way', 'Kirkland', 'WA', cast('1987-03-16' as date), '98125', 'clark100@yahoo.net', '425-444-3747', cast('2010-08-21' as date))
insert into THERAPIST values('Kode', 'Key', '3515 kramer rd east', 'University Place', 'WA', cast('1967-07-23' as date), '98425', 'carissaa34@google.com', '206-152-7474', cast('2012-10-02' as date))
insert into THERAPIST values('Kim', 'Yahoo', '3251 23rd street west', 'Kirkland', 'WA', cast('1945-08-16' as date), '98252', 'tammyk@yahoo.com', '206-152-7474', cast('2011-12-16' as date))
insert into THERAPIST values('clark', 'Jansen', '3678 Kint Rd', 'Federal Way', 'WA', cast('1967-03-11' as date), '98454', 'amanda.dahl@gmail.com', '206-637-5844', cast('2015-08-24' as date))
insert into THERAPIST values('Cassandra', 'Hansen', '3678 Kint Rd', 'Tacoma', 'WA', cast('1990-02-12' as date), '98467', 'carissaa34@google.com', '206-152-7474', cast('2012-04-10' as date))
insert into THERAPIST values('Tammy', 'Key', '35217 KamTAm st east', 'Federal Way', 'WA', cast('1987-12-25' as date), '98033', 'amanda.dahl@gmail.com', '206-637-5844', cast('2015-08-24' as date))
insert into THERAPIST values('clark', 'Franker', '3678 Kint Rd', 'University Place', 'WA', cast('1967-03-11' as date), '98426', 'kasey100@me.com', '425-526-3844', cast('2011-12-16' as date))
insert into THERAPIST values('Tammy', 'Black', '15662 apt 45 bridgeport way', 'Federal Way', 'WA', cast('1945-08-16' as date), '98252', 'kasey100@me.com', '425-526-3844', cast('2010-08-21' as date))
insert into THERAPIST values('Cassandra', 'Williams', '3521 alemeda st west', 'Federal Way', 'WA', cast('1967-09-21' as date), '98454', 'tammyk@yahoo.com', '206-648-4654', cast('2010-08-21' as date))
insert into THERAPIST values('Amanda', 'Williams', '3515 kramer rd east', 'University Place', 'WA', cast('1945-08-16' as date), '98462', 'clark100@yahoo.net', '206-152-7474', cast('2012-04-12' as date))
insert into THERAPIST values('Amanda', 'Yahoo', '3251 23rd street west', 'North Bend', 'WA', cast('1967-11-14' as date), '98033', 'amanda.dahl@gmail.com', '206-637-5844', cast('2015-06-25' as date))
insert into THERAPIST values('Amanda', 'Williams', '3251 23rd street west', 'Tacoma', 'WA', cast('1967-07-23' as date), '98462', 'colleeen@yahoo.com', '206-345-3836', cast('2015-08-24' as date))
insert into THERAPIST values('Colleen', 'Williams', '15662 apt 45 bridgeport way', 'Federal Way', 'WA', cast('1967-09-21' as date), '98462', 'clark100@yahoo.net', '206-648-4654', cast('2013-03-14' as date))
insert into THERAPIST values('Amanda', 'Konig', '3515 kramer rd east', 'Federal Way', 'WA', cast('1967-09-21' as date), '98033', 'tammyk@yahoo.com', '253-793-2573', cast('2012-10-02' as date))
insert into THERAPIST values('Amanda', 'Brown', '3251 23rd street west', 'North Bend', 'WA', cast('1987-12-25' as date), '98462', 'kasey100@me.com', '206-648-4654', cast('2012-04-10' as date))
insert into THERAPIST values('Kasey', 'Black', '1515 kim wat', 'Kirkland', 'WA', cast('1991-08-02' as date), '98252', 'tammyk@yahoo.com', '206-648-4654', cast('2012-04-10' as date))
insert into THERAPIST values('Kode', 'Williams', '3517 18th street west', 'Kirkland', 'WA', cast('1967-03-11' as date), '98426', 'kasey100@me.com', '253-793-2573', cast('2012-04-12' as date))
insert into THERAPIST values('Colleen', 'Hansen', '3678 Kint Rd', 'Tacoma', 'WA', cast('1967-09-21' as date), '98252', 'amanda.dahl@gmail.com', '253-793-2573', cast('2012-10-02' as date))
insert into THERAPIST values('Carissa', 'Konig', '3517 18th street west', 'Tacoma', 'WA', cast('1967-11-14' as date), '98462', 'clark100@yahoo.net', '206-648-4654', cast('2015-08-24' as date))
insert into THERAPIST values('Cassandra', 'Brown', '1515 kim wat', 'Tacoma', 'WA', cast('1987-12-25' as date), '98462', 'clark100@yahoo.net', '206-345-3836', cast('2015-06-25' as date))
insert into THERAPIST values('Kasey', 'Konig', '3515 kramer rd east', 'North Bend', 'WA', cast('1991-08-02' as date), '98033', 'tammyk@yahoo.com', '425-526-3844', cast('2013-03-14' as date))
insert into THERAPIST values('Amanda', 'Jansen', '3515 kramer rd east', 'Tacoma', 'WA', cast('1990-02-12' as date), '98252', 'Kode11@hotmail.com', '206-648-4654', cast('2015-06-25' as date))
insert into THERAPIST values('clark', 'Jansen', '35217 KamTAm st east', 'Federal Way', 'WA', cast('1967-03-11' as date), '98467', 'amanda.dahl@gmail.com', '425-526-3844', cast('2012-10-02' as date))
insert into THERAPIST values('Tammy', 'Williams', '3517 18th street west', 'Kirkland', 'WA', cast('1945-08-16' as date), '98467', 'clark100@yahoo.net', '425-353-9896', cast('2015-08-24' as date))
insert into THERAPIST values('Kode', 'Hansen', '1515 kim wat', 'Federal Way', 'WA', cast('1967-07-23' as date), '98033', 'kimwilliams@hotmail.com', '253-435-2742', cast('2015-08-24' as date))
insert into THERAPIST values('Kode', 'Jansen', '3521 alemeda st west', 'Federal Way', 'WA', cast('1990-02-12' as date), '98462', 'Kassandra', '206-637-5844', cast('2015-08-24' as date))
insert into THERAPIST values('Colleen', 'Yahoo', '3517 18th street west', 'Kirkland', 'WA', cast('1967-03-11' as date), '98462', 'tammyk@yahoo.com', '425-444-3747', cast('2012-10-02' as date))
insert into THERAPIST values('Tammy', 'Brown', '3251 23rd street west', 'North Bend', 'WA', cast('1990-02-12' as date), '98426', 'colleeen@yahoo.com', '425-526-3844', cast('2015-08-24' as date))
insert into THERAPIST values('Tammy', 'Williams', '3517 18th street west', 'Tacoma', 'WA', cast('1990-02-12' as date), '98467', 'carissaa34@google.com', '425-353-9896', cast('2015-08-24' as date))
insert into THERAPIST values('Kode', 'Key', '3521 alemeda st west', 'Tacoma', 'WA', cast('1967-09-21' as date), '98252', 'tammyk@yahoo.com', '206-345-3836', cast('2012-04-10' as date))
insert into THERAPIST values('Cassandra', 'Yahoo', '3517 18th street west', 'Kirkland', 'WA', cast('1991-08-02' as date), '98462', 'Kode11@hotmail.com', '425-444-3747', cast('2012-04-10' as date))
insert into THERAPIST values('Cassandra', 'Black', '3525 24th street west', 'Tacoma', 'WA', cast('1987-03-16' as date), '98033', 'Kassandra', '253-435-2742', cast('2015-08-24' as date))
insert into THERAPIST values('Kasey', 'Franker', '1515 kim wat', 'Tacoma', 'WA', cast('1987-12-25' as date), '98467', 'kasey100@me.com', '206-637-5844', cast('2011-12-16' as date))
insert into THERAPIST values('Kim', 'Williams', '3678 Kint Rd', 'Federal Way', 'WA', cast('1987-03-16' as date), '98425', 'Kassandra', '206-637-5844', cast('2013-03-14' as date))
insert into THERAPIST values('Carissa', 'Black', '15662 apt 45 bridgeport way', 'Federal Way', 'WA', cast('1967-07-23' as date), '98462', 'tammyk@yahoo.com', '253-793-2573', cast('2013-03-14' as date))
insert into SERVICE values('Kinesiology Taping with Massage', 'Kinesio tape is an “elastic therapeutic tape” that does not contain latex. It is used to provide many benefits to both athletes and non-athletes')
insert into SERVICE values('Cupping Methods', 'Cupping therapy is a form of alternative medicine in which cups are placed on the skin to create suction')
insert into SERVICE values('deep tissue', 'Deep tissue massage is a type of massage therapy that focuses on realigning deeper layers of muscles.')
insert into SERVICE values('Massage', 'Massage involves working and acting on the body with pressure – structured, unstructured, stationary, or moving – tension, motion, or vibration, done manually or with mechanical aids.')
insert into SERVICE values('Gua Sha', 'Gua Sha is a traditional Chinese medical treatment in which the skin is scraped to produce light bruising.')
insert into SERVICE values('Swedish Massage', 'Swedish massage is exceptionally beneficial for increasing the level of oxygen in the blood, decreasing muscle toxins, improving circulation and flexibility while easing tension')
insert into APPOINTMENT values('9', '2', cast('2016-06-25' as date), cast('14:34:00' as time), cast('14:34:00' as time), 'Kinesiology Taping with Massage', 'sore shoulder')
insert into APPOINTMENT values('5', '4', cast('2016-06-25' as date), cast('12:34:00' as time), cast('09:13:00' as time), 'Swedish Massage', 'sore bicep')
insert into APPOINTMENT values('5', '1', cast('2016-08-21' as date), cast('15:16:00' as time), cast('07:34:00' as time), 'deep tissue', 'hurt knee')
insert into APPOINTMENT values('7', '8', cast('2016-12-16' as date), cast('14:34:00' as time), cast('01:43:00' as time), 'Cupping Methods', 'aches and pains')
insert into APPOINTMENT values('3', '9', cast('2016-08-21' as date), cast('08:34:00' as time), cast('14:34:00' as time), 'Kinesiology Taping with Massage', 'sore shoulder')
insert into APPOINTMENT values('6', '7', cast('2016-04-12' as date), cast('12:34:00' as time), cast('01:43:00' as time), 'Swedish Massage', 'sore bicep')
insert into APPOINTMENT values('2', '1', cast('2016-08-24' as date), cast('23:43:00' as time), cast('08:34:00' as time), 'Gua Sha', 'sore bicep')
insert into APPOINTMENT values('5', '7', cast('2016-04-13' as date), cast('08:34:00' as time), cast('09:34:00' as time), 'Gua Sha', 'aches and pains')
insert into APPOINTMENT values('3', '3', cast('2016-08-24' as date), cast('13:34:00' as time), cast('01:43:00' as time), 'Cupping Methods', 'sore shoulder')
insert into APPOINTMENT values('5', '1', cast('2016-06-25' as date), cast('23:43:00' as time), cast('16:16:00' as time), 'Cupping Methods', 'sore back')
insert into APPOINTMENT values('4', '6', cast('2016-04-10' as date), cast('06:34:00' as time), cast('15:34:00' as time), 'Gua Sha', 'sore back')
insert into APPOINTMENT values('4', '8', cast('2016-08-21' as date), cast('14:34:00' as time), cast('01:43:00' as time), 'Kinesiology Taping with Massage', 'aches and pains')
insert into APPOINTMENT values('6', '8', cast('2016-03-14' as date), cast('12:34:00' as time), cast('09:13:00' as time), 'Gua Sha', 'hurt arm')
insert into APPOINTMENT values('4', '5', cast('2016-06-25' as date), cast('07:34:00' as time), cast('15:34:00' as time), 'Massage', 'hurt knee')
insert into APPOINTMENT values('7', '1', cast('2016-04-12' as date), cast('12:34:00' as time), cast('07:34:00' as time), 'Gua Sha', 'hurt leg')
insert into APPOINTMENT values('4', '1', cast('2016-04-13' as date), cast('12:34:00' as time), cast('13:34:00' as time), 'Swedish Massage', 'hurt knee')
insert into APPOINTMENT values('4', '2', cast('2016-04-13' as date), cast('07:34:00' as time), cast('01:43:00' as time), 'Massage', 'aches and pains')
insert into APPOINTMENT values('6', '2', cast('2016-04-10' as date), cast('15:16:00' as time), cast('13:34:00' as time), 'Kinesiology Taping with Massage', 'aches and pains')
insert into APPOINTMENT values('5', '6', cast('2016-06-25' as date), cast('07:34:00' as time), cast('13:34:00' as time), 'Gua Sha', 'sore neck')
insert into APPOINTMENT values('3', '2', cast('2016-04-10' as date), cast('07:34:00' as time), cast('07:34:00' as time), 'Cupping Methods', 'headaches')
insert into APPOINTMENT values('7', '4', cast('2016-08-21' as date), cast('15:16:00' as time), cast('01:43:00' as time), 'Kinesiology Taping with Massage', 'sore bicep')
insert into APPOINTMENT values('8', '7', cast('2016-12-16' as date), cast('06:34:00' as time), cast('09:13:00' as time), 'Cupping Methods', 'hurt arm')
insert into APPOINTMENT values('5', '5', cast('2016-08-24' as date), cast('07:34:00' as time), cast('14:34:00' as time), 'deep tissue', 'headaches')
insert into APPOINTMENT values('3', '6', cast('2016-04-10' as date), cast('08:13:00' as time), cast('16:16:00' as time), 'Massage', 'hurt leg')
insert into APPOINTMENT values('6', '7', cast('2016-04-10' as date), cast('13:34:00' as time), cast('01:43:00' as time), 'deep tissue', 'hurt arm')
insert into APPOINTMENT values('4', '1', cast('2016-08-21' as date), cast('12:34:00' as time), cast('16:16:00' as time), 'Swedish Massage', 'hurt leg')
insert into APPOINTMENT values('6', '6', cast('2016-04-10' as date), cast('12:34:00' as time), cast('01:43:00' as time), 'Cupping Methods', 'sore back')
insert into APPOINTMENT values('7', '8', cast('2016-08-21' as date), cast('07:34:00' as time), cast('01:43:00' as time), 'Gua Sha', 'sore neck')
insert into APPOINTMENT values('7', '8', cast('2016-03-14' as date), cast('23:43:00' as time), cast('16:16:00' as time), 'Kinesiology Taping with Massage', 'headaches')
insert into APPOINTMENT values('5', '8', cast('2016-08-24' as date), cast('06:34:00' as time), cast('15:34:00' as time), 'Gua Sha', 'hurt knee')
insert into APPOINTMENT values('8', '1', cast('2016-04-12' as date), cast('13:34:00' as time), cast('08:34:00' as time), 'Swedish Massage', 'hurt arm')
insert into APPOINTMENT values('8', '3', cast('2016-04-12' as date), cast('08:13:00' as time), cast('09:13:00' as time), 'Massage', 'aches and pains')
insert into APPOINTMENT values('7', '9', cast('2016-08-21' as date), cast('06:34:00' as time), cast('01:43:00' as time), 'Swedish Massage', 'hurt knee')
insert into APPOINTMENT values('7', '4', cast('2016-04-12' as date), cast('08:13:00' as time), cast('01:43:00' as time), 'Cupping Methods', 'sore neck')
insert into APPOINTMENT values('1', '1', cast('2016-04-13' as date), cast('14:34:00' as time), cast('08:34:00' as time), 'Swedish Massage', 'hurt leg')
insert into APPOINTMENT values('4', '9', cast('2016-04-12' as date), cast('15:16:00' as time), cast('09:34:00' as time), 'Gua Sha', 'sore bicep')
insert into APPOINTMENT values('3', '6', cast('2016-08-21' as date), cast('15:16:00' as time), cast('15:34:00' as time), 'Swedish Massage', 'core back')
insert into APPOINTMENT values('6', '2', cast('2016-04-13' as date), cast('12:34:00' as time), cast('01:43:00' as time), 'Cupping Methods', 'hurt knee')
insert into APPOINTMENT values('7', '5', cast('2016-10-02' as date), cast('08:13:00' as time), cast('01:43:00' as time), 'Kinesiology Taping with Massage', 'headaches')
insert into APPOINTMENT values('9', '6', cast('2016-08-24' as date), cast('23:43:00' as time), cast('07:34:00' as time), 'Swedish Massage', 'sore shoulder')
insert into APPOINTMENT values('1', '2', cast('2016-12-16' as date), cast('15:16:00' as time), cast('16:16:00' as time), 'Swedish Massage', 'core back')
insert into APPOINTMENT values('7', '3', cast('2016-03-14' as date), cast('07:34:00' as time), cast('16:16:00' as time), 'deep tissue', 'core back')
insert into APPOINTMENT values('2', '2', cast('2016-12-16' as date), cast('12:34:00' as time), cast('16:16:00' as time), 'Gua Sha', 'aches and pains')
insert into APPOINTMENT values('7', '8', cast('2016-12-16' as date), cast('08:13:00' as time), cast('01:43:00' as time), 'deep tissue', 'sore neck')
insert into APPOINTMENT values('4', '6', cast('2016-10-02' as date), cast('08:13:00' as time), cast('08:34:00' as time), 'deep tissue', 'hurt knee')
insert into APPOINTMENT values('7', '6', cast('2016-03-14' as date), cast('15:16:00' as time), cast('07:34:00' as time), 'Massage', 'hurt arm')
insert into APPOINTMENT values('2', '3', cast('2016-08-21' as date), cast('06:34:00' as time), cast('09:34:00' as time), 'Gua Sha', 'sore shoulder')
insert into APPOINTMENT values('8', '2', cast('2016-10-02' as date), cast('08:34:00' as time), cast('16:16:00' as time), 'Massage', 'core back')
insert into APPOINTMENT values('5', '9', cast('2016-06-25' as date), cast('14:34:00' as time), cast('16:16:00' as time), 'deep tissue', 'sore neck')
insert into APPOINTMENT values('8', '4', cast('2016-08-21' as date), cast('07:34:00' as time), cast('14:34:00' as time), 'Gua Sha', 'hurt leg')
insert into APPOINTMENT values('5', '6', cast('2016-03-14' as date), cast('13:34:00' as time), cast('16:16:00' as time), 'deep tissue', 'sore shoulder')
insert into APPOINTMENT values('8', '8', cast('2016-03-14' as date), cast('06:34:00' as time), cast('08:34:00' as time), 'Gua Sha', 'aches and pains')
insert into APPOINTMENT values('2', '8', cast('2016-10-02' as date), cast('15:16:00' as time), cast('09:13:00' as time), 'Cupping Methods', 'headaches')
insert into APPOINTMENT values('8', '3', cast('2016-08-24' as date), cast('12:34:00' as time), cast('08:34:00' as time), 'Cupping Methods', 'headaches')
insert into APPOINTMENT values('4', '2', cast('2016-04-12' as date), cast('15:16:00' as time), cast('09:13:00' as time), 'Swedish Massage', 'sore shoulder')
insert into APPOINTMENT values('4', '5', cast('2016-04-12' as date), cast('23:43:00' as time), cast('09:34:00' as time), 'deep tissue', 'hurt knee')
insert into APPOINTMENT values('5', '6', cast('2016-04-12' as date), cast('07:34:00' as time), cast('01:43:00' as time), 'Swedish Massage', 'hurt knee')
insert into APPOINTMENT values('5', '3', cast('2016-06-25' as date), cast('12:34:00' as time), cast('01:43:00' as time), 'deep tissue', 'hurt arm')
insert into APPOINTMENT values('5', '5', cast('2016-04-10' as date), cast('06:34:00' as time), cast('07:34:00' as time), 'deep tissue', 'sore back')
insert into APPOINTMENT values('9', '8', cast('2016-04-13' as date), cast('06:34:00' as time), cast('14:34:00' as time), 'Massage', 'sore bicep')
insert into APPOINTMENT values('8', '6', cast('2016-06-25' as date), cast('08:34:00' as time), cast('07:34:00' as time), 'Kinesiology Taping with Massage', 'sore bicep')
insert into APPOINTMENT values('7', '9', cast('2016-10-02' as date), cast('14:34:00' as time), cast('07:34:00' as time), 'Kinesiology Taping with Massage', 'sore back')
insert into APPOINTMENT values('1', '2', cast('2016-08-24' as date), cast('07:34:00' as time), cast('09:34:00' as time), 'Kinesiology Taping with Massage', 'aches and pains')
insert into APPOINTMENT values('6', '9', cast('2016-06-25' as date), cast('13:34:00' as time), cast('16:16:00' as time), 'Swedish Massage', 'hurt leg')
insert into APPOINTMENT values('7', '4', cast('2016-08-24' as date), cast('12:34:00' as time), cast('09:34:00' as time), 'Cupping Methods', 'hurt leg')
insert into APPOINTMENT values('5', '1', cast('2016-04-10' as date), cast('15:16:00' as time), cast('14:34:00' as time), 'Swedish Massage', 'sore neck')
insert into APPOINTMENT values('6', '5', cast('2016-04-10' as date), cast('13:34:00' as time), cast('15:34:00' as time), 'Swedish Massage', 'sore back')
insert into APPOINTMENT values('3', '5', cast('2016-08-21' as date), cast('08:34:00' as time), cast('16:16:00' as time), 'Swedish Massage', 'sore bicep')
insert into APPOINTMENT values('6', '7', cast('2016-12-16' as date), cast('13:34:00' as time), cast('13:34:00' as time), 'deep tissue', 'core back')
insert into APPOINTMENT values('7', '6', cast('2016-06-25' as date), cast('08:13:00' as time), cast('09:34:00' as time), 'deep tissue', 'headaches')
insert into APPOINTMENT values('5', '7', cast('2016-06-25' as date), cast('14:34:00' as time), cast('08:34:00' as time), 'Kinesiology Taping with Massage', 'hurt knee')
insert into APPOINTMENT values('8', '8', cast('2016-04-12' as date), cast('08:13:00' as time), cast('09:34:00' as time), 'Gua Sha', 'headaches')
insert into APPOINTMENT values('5', '5', cast('2016-04-13' as date), cast('08:34:00' as time), cast('15:34:00' as time), 'Cupping Methods', 'hurt knee')
insert into APPOINTMENT values('5', '1', cast('2016-04-13' as date), cast('23:43:00' as time), cast('01:43:00' as time), 'Massage', 'aches and pains')
insert into APPOINTMENT values('2', '8', cast('2016-03-14' as date), cast('07:34:00' as time), cast('09:13:00' as time), 'Kinesiology Taping with Massage', 'sore back')
insert into APPOINTMENT values('1', '8', cast('2016-03-14' as date), cast('13:34:00' as time), cast('08:34:00' as time), 'Cupping Methods', 'hurt knee')
insert into APPOINTMENT values('8', '5', cast('2016-06-25' as date), cast('12:34:00' as time), cast('07:34:00' as time), 'Swedish Massage', 'hurt leg')
insert into APPOINTMENT values('5', '2', cast('2016-10-02' as date), cast('15:16:00' as time), cast('15:34:00' as time), 'Kinesiology Taping with Massage', 'sore back')
insert into APPOINTMENT values('9', '6', cast('2016-04-10' as date), cast('13:34:00' as time), cast('09:34:00' as time), 'deep tissue', 'sore bicep')
insert into APPOINTMENT values('4', '4', cast('2016-04-13' as date), cast('14:34:00' as time), cast('09:13:00' as time), 'Massage', 'sore shoulder')
insert into APPOINTMENT values('7', '1', cast('2016-03-14' as date), cast('07:34:00' as time), cast('08:34:00' as time), 'Kinesiology Taping with Massage', 'hurt leg')
insert into APPOINTMENT values('4', '4', cast('2016-06-25' as date), cast('15:16:00' as time), cast('14:34:00' as time), 'deep tissue', 'hurt knee')
insert into APPOINTMENT values('2', '1', cast('2016-10-02' as date), cast('06:34:00' as time), cast('14:34:00' as time), 'Swedish Massage', 'headaches')
insert into APPOINTMENT values('9', '6', cast('2016-04-13' as date), cast('12:34:00' as time), cast('07:34:00' as time), 'Massage', 'hurt leg')
insert into APPOINTMENT values('9', '1', cast('2016-04-12' as date), cast('13:34:00' as time), cast('13:34:00' as time), 'Cupping Methods', 'sore back')
insert into APPOINTMENT values('4', '5', cast('2016-10-02' as date), cast('14:34:00' as time), cast('14:34:00' as time), 'Gua Sha', 'sore neck')
insert into APPOINTMENT values('1', '3', cast('2016-08-24' as date), cast('07:34:00' as time), cast('09:34:00' as time), 'Kinesiology Taping with Massage', 'sore bicep')
insert into APPOINTMENT values('4', '8', cast('2016-04-12' as date), cast('14:34:00' as time), cast('09:13:00' as time), 'Gua Sha', 'sore bicep')
insert into APPOINTMENT values('1', '2', cast('2016-12-16' as date), cast('08:34:00' as time), cast('16:16:00' as time), 'Cupping Methods', 'aches and pains')
insert into APPOINTMENT values('4', '1', cast('2016-12-16' as date), cast('12:34:00' as time), cast('14:34:00' as time), 'Gua Sha', 'sore neck')
insert into APPOINTMENT values('1', '4', cast('2016-10-02' as date), cast('23:43:00' as time), cast('09:13:00' as time), 'Gua Sha', 'hurt arm')
insert into APPOINTMENT values('8', '5', cast('2016-06-25' as date), cast('08:13:00' as time), cast('01:43:00' as time), 'deep tissue', 'sore bicep')
insert into APPOINTMENT values('7', '3', cast('2016-04-12' as date), cast('07:34:00' as time), cast('13:34:00' as time), 'deep tissue', 'core back')
insert into APPOINTMENT values('7', '7', cast('2016-04-10' as date), cast('08:13:00' as time), cast('16:16:00' as time), 'Kinesiology Taping with Massage', 'hurt leg')
insert into APPOINTMENT values('8', '9', cast('2016-03-14' as date), cast('15:16:00' as time), cast('09:34:00' as time), 'deep tissue', 'hurt arm')
insert into APPOINTMENT values('6', '3', cast('2016-10-02' as date), cast('15:16:00' as time), cast('14:34:00' as time), 'Cupping Methods', 'sore neck')
insert into APPOINTMENT values('9', '5', cast('2016-12-16' as date), cast('07:34:00' as time), cast('08:34:00' as time), 'Swedish Massage', 'hurt knee')
insert into APPOINTMENT values('5', '8', cast('2016-03-14' as date), cast('13:34:00' as time), cast('09:34:00' as time), 'Swedish Massage', 'sore neck')
insert into APPOINTMENT values('2', '5', cast('2016-04-10' as date), cast('15:16:00' as time), cast('08:34:00' as time), 'Massage', 'headaches')
insert into APPOINTMENT values('2', '3', cast('2016-03-14' as date), cast('13:34:00' as time), cast('08:34:00' as time), 'deep tissue', 'sore bicep')
insert into INSURANCE values('1', '5467262', '2416246', 'State Farm', '20')
insert into INSURANCE values('2', '3062552', '2464542', 'AllState', '20')
insert into INSURANCE values('3', '3680252', '34516631', 'Farmers', '20')
insert into INSURANCE values('4', '3521665', '362367', 'Farmers', '20')
insert into INSURANCE values('5', '3062552', '357189', 'State Farm', '30')
insert into INSURANCE values('6', '3626261', '3262542', 'SafeLite', '30')
insert into INSURANCE values('7', '5788326', '3262542', 'Marshall', '30')
insert into INSURANCE values('8', '3521665', '357189', 'AllState', '20')
insert into INSURANCE values('9', '3062552', '3262542', 'AllState', '20')
insert into INSURANCE values('10', '3626261', '342425', 'Marshall', '30')
insert into INSURANCE values('11', '3062552', '5438716', 'Farmers', '20')
insert into INSURANCE values('12', '8723462', '2416246', 'Farmers', '30')
insert into INSURANCE values('13', '3062552', '3262542', 'Marshall', '20')
insert into INSURANCE values('14', '3062552', '324616', 'Farmers', '20')
insert into INSURANCE values('15', '3062552', '34516631', 'Farmers', '20')
insert into INSURANCE values('16', '3521665', '2416246', 'Geico', '30')
insert into INSURANCE values('17', '3252626', '324616', 'Geico', '20')
insert into INSURANCE values('18', '5467262', '5438716', 'Geico', '20')
insert into INSURANCE values('19', '5788326', '357189', 'Geico', '20')
insert into INSURANCE values('20', '3265262', '2416246', 'Marshall', '20')
insert into INSURANCE values('21', '3252626', '362367', 'Geico', '20')
insert into INSURANCE values('22', '3626261', '342425', 'AllState', '20')
insert into INSURANCE values('23', '3062552', '362367', 'AllState', '30')
insert into INSURANCE values('24', '5788326', '342425', 'Farmers', '20')
insert into INSURANCE values('25', '3062552', '2464542', 'State Farm', '30')
insert into INSURANCE values('26', '5788326', '34516631', 'Marshall', '30')
insert into INSURANCE values('27', '3626261', '2416246', 'Farmers', '30')
insert into INSURANCE values('28', '3626261', '342425', 'Farmers', '20')
insert into INSURANCE values('29', '5467262', '357189', 'AllState', '30')
insert into INSURANCE values('30', '3252626', '362367', 'Marshall', '20')
insert into INSURANCE values('31', '8723462', '5438716', 'Tacoma Safe', '30')
insert into INSURANCE values('32', '3521665', '362367', 'AllState', '20')
insert into INSURANCE values('33', '3252626', '34516631', 'Geico', '20')
insert into INSURANCE values('34', '3680252', '5438716', 'Geico', '20')
insert into INSURANCE values('35', '8723462', '2416246', 'AllState', '30')
insert into INSURANCE values('36', '3680252', '342425', 'Marshall', '20')
insert into INSURANCE values('37', '5467262', '342425', 'AllState', '20')
insert into INSURANCE values('38', '3265262', '2464542', 'Tacoma Safe', '20')
insert into INSURANCE values('39', '8723462', '362367', 'Geico', '20')
insert into INSURANCE values('40', '8723462', '2464542', 'SafeLite', '30')
insert into INSURANCE values('41', '5788326', '324616', 'Marshall', '20')
insert into INSURANCE values('42', '3521665', '342425', 'Geico', '20')
insert into INSURANCE values('43', '3265262', '34516631', 'SafeLite', '20')
insert into INSURANCE values('44', '3680252', '5438716', 'Marshall', '30')
insert into INSURANCE values('45', '3680252', '362367', 'Farmers', '30')
insert into INSURANCE values('46', '3521665', '362367', 'Farmers', '20')
insert into INSURANCE values('47', '3680252', '2464542', 'Marshall', '30')
insert into INSURANCE values('48', '5788326', '2416246', 'Farmers', '20')
insert into INSURANCE values('49', '5467262', '5438716', 'Tacoma Safe', '30')
insert into INSURANCE values('50', '3062552', '342425', 'Farmers', '30')
insert into INSURANCE values('51', '3626261', '5438716', 'State Farm', '20')
insert into INSURANCE values('52', '3062552', '5438716', 'Farmers', '20')
insert into INSURANCE values('53', '3062552', '2416246', 'Marshall', '30')
insert into INSURANCE values('54', '3265262', '2416246', 'Farmers', '20')
insert into INSURANCE values('55', '3062552', '362367', 'Geico', '20')
insert into INSURANCE values('56', '3626261', '5438716', 'State Farm', '20')
insert into INSURANCE values('57', '3626261', '342425', 'Tacoma Safe', '20')
insert into INSURANCE values('58', '3062552', '2416246', 'Marshall', '30')
insert into INSURANCE values('59', '3680252', '357189', 'AllState', '30')
insert into INSURANCE values('60', '5467262', '324616', 'Geico', '20')
insert into INSURANCE values('61', '5467262', '5438716', 'State Farm', '20')
insert into INSURANCE values('62', '3252626', '362367', 'Farmers', '30')
insert into INSURANCE values('63', '8723462', '342425', 'Farmers', '20')
insert into INSURANCE values('64', '5788326', '342425', 'Geico', '20')
insert into INSURANCE values('65', '3626261', '2416246', 'State Farm', '30')
insert into INSURANCE values('66', '3521665', '324616', 'Marshall', '20')
insert into INSURANCE values('67', '3626261', '5438716', 'SafeLite', '20')
insert into INSURANCE values('68', '3265262', '362367', 'State Farm', '20')
insert into INSURANCE values('69', '3521665', '342425', 'Farmers', '30')
insert into INSURANCE values('70', '3062552', '2416246', 'Tacoma Safe', '20')
insert into INSURANCE values('71', '3265262', '2416246', 'Tacoma Safe', '30')
insert into INSURANCE values('72', '5467262', '357189', 'Geico', '30')
insert into INSURANCE values('73', '5467262', '357189', 'Geico', '20')
insert into INSURANCE values('74', '3062552', '3262542', 'Tacoma Safe', '20')
insert into INSURANCE values('75', '3680252', '342425', 'State Farm', '30')
insert into INSURANCE values('76', '3521665', '2416246', 'AllState', '30')
insert into INSURANCE values('77', '8723462', '324616', 'Farmers', '30')
insert into INSURANCE values('78', '3062552', '362367', 'AllState', '20')
insert into INSURANCE values('79', '3626261', '362367', 'Farmers', '20')
insert into INSURANCE values('80', '3521665', '324616', 'Farmers', '20')
insert into INSURANCE values('81', '3626261', '342425', 'SafeLite', '20')
insert into INSURANCE values('82', '3252626', '2416246', 'Marshall', '30')
insert into INSURANCE values('83', '5788326', '5438716', 'Geico', '30')
insert into INSURANCE values('84', '3680252', '3262542', 'State Farm', '20')
insert into INSURANCE values('85', '3626261', '3262542', 'Tacoma Safe', '20')
insert into INSURANCE values('86', '3521665', '357189', 'Farmers', '20')
insert into INSURANCE values('87', '8723462', '362367', 'Tacoma Safe', '20')
insert into INSURANCE values('88', '3521665', '34516631', 'Farmers', '30')
insert into INSURANCE values('89', '3062552', '34516631', 'AllState', '20')
insert into INSURANCE values('90', '5467262', '2416246', 'Geico', '30')
insert into INSURANCE values('91', '3265262', '324616', 'AllState', '20')
insert into INSURANCE values('92', '3521665', '5438716', 'Geico', '20')
insert into INSURANCE values('93', '3265262', '34516631', 'Farmers', '20')
insert into INSURANCE values('94', '3062552', '342425', 'SafeLite', '20')
insert into INSURANCE values('95', '3626261', '34516631', 'Farmers', '20')
insert into INSURANCE values('96', '8723462', '342425', 'Farmers', '20')
insert into INSURANCE values('97', '3626261', '2416246', 'Farmers', '20')
insert into INSURANCE values('98', '3062552', '5438716', 'Tacoma Safe', '20')
insert into INSURANCE values('99', '3521665', '362367', 'SafeLite', '30')
insert into INS_AUTHORIZATION values('1', '3453763', '20', cast('2010-08-21' as date),  cast('2021-10-02' as date))
insert into INS_AUTHORIZATION values('2', '3252667', '10', cast('2013-04-13' as date),  cast('2018-08-21' as date))
insert into INS_AUTHORIZATION values('3', '2367363', '20', cast('2012-10-02' as date),  cast('2018-08-24' as date))
insert into INS_AUTHORIZATION values('4', '2367363', '20', cast('2013-04-13' as date),  cast('2019-06-25' as date))
insert into INS_AUTHORIZATION values('5', '2532544', '20', cast('2013-04-13' as date),  cast('2021-04-13' as date))
insert into INS_AUTHORIZATION values('6', '3062552', '10', cast('2012-04-12' as date),  cast('2021-03-14' as date))
insert into INS_AUTHORIZATION values('7', '3453763', '30', cast('2013-04-13' as date),  cast('2021-03-14' as date))
insert into INS_AUTHORIZATION values('8', '3453763', '20', cast('2013-03-14' as date),  cast('2021-03-14' as date))
insert into INS_AUTHORIZATION values('9', '8723462', '20', cast('2013-04-13' as date),  cast('2016-04-12' as date))
insert into INS_AUTHORIZATION values('10', '3453763', '20', cast('2012-04-12' as date),  cast('2021-03-14' as date))
insert into INS_AUTHORIZATION values('11', '3453763', '30', cast('2013-03-14' as date),  cast('2021-03-14' as date))
insert into INS_AUTHORIZATION values('12', '5264354', '20', cast('2015-06-25' as date),  cast('2018-08-21' as date))
insert into INS_AUTHORIZATION values('13', '2367363', '20', cast('2013-04-13' as date),  cast('2018-08-24' as date))
insert into INS_AUTHORIZATION values('14', '3062552', '30', cast('2015-06-25' as date),  cast('2021-04-13' as date))
insert into INS_AUTHORIZATION values('15', '8723462', '20', cast('2015-08-24' as date),  cast('2021-03-14' as date))
insert into INS_AUTHORIZATION values('16', '5264354', '30', cast('2013-03-14' as date),  cast('2021-04-10' as date))
insert into INS_AUTHORIZATION values('17', '5788326', '30', cast('2015-06-25' as date),  cast('2016-12-16' as date))
insert into INS_AUTHORIZATION values('18', '3252667', '20', cast('2010-08-21' as date),  cast('2018-08-21' as date))
insert into INS_AUTHORIZATION values('19', '3062552', '30', cast('2012-04-10' as date),  cast('2021-04-10' as date))
insert into INS_AUTHORIZATION values('20', '8723462', '30', cast('2010-08-21' as date),  cast('2016-12-16' as date))
insert into INS_AUTHORIZATION values('21', '32625252', '50', cast('2011-12-16' as date),  cast('2021-04-13' as date))
insert into INS_AUTHORIZATION values('22', '3453763', '50', cast('2013-03-14' as date),  cast('2016-04-12' as date))
insert into INS_AUTHORIZATION values('23', '5788326', '30', cast('2010-08-21' as date),  cast('2018-08-24' as date))
insert into INS_AUTHORIZATION values('24', '8723462', '30', cast('2015-08-24' as date),  cast('2021-10-02' as date))
insert into INS_AUTHORIZATION values('25', '2367363', '20', cast('2011-12-16' as date),  cast('2021-04-13' as date))
insert into INS_AUTHORIZATION values('26', '3252667', '30', cast('2010-08-21' as date),  cast('2021-10-02' as date))
insert into INS_AUTHORIZATION values('27', '3062552', '20', cast('2012-04-12' as date),  cast('2019-06-25' as date))
insert into INS_AUTHORIZATION values('28', '2532544', '30', cast('2012-10-02' as date),  cast('2021-10-02' as date))
insert into INS_AUTHORIZATION values('29', '2367363', '50', cast('2011-12-16' as date),  cast('2021-03-14' as date))
insert into INS_AUTHORIZATION values('30', '3252667', '20', cast('2012-04-12' as date),  cast('2021-03-14' as date))
insert into INS_AUTHORIZATION values('31', '32625252', '30', cast('2015-06-25' as date),  cast('2021-03-14' as date))
insert into INS_AUTHORIZATION values('32', '2367363', '30', cast('2012-04-10' as date),  cast('2021-03-14' as date))
insert into INS_AUTHORIZATION values('33', '5264354', '20', cast('2015-06-25' as date),  cast('2016-12-16' as date))
insert into INS_AUTHORIZATION values('34', '5788326', '20', cast('2012-04-12' as date),  cast('2021-04-13' as date))
insert into INS_AUTHORIZATION values('35', '8723462', '50', cast('2013-04-13' as date),  cast('2021-04-10' as date))
insert into INS_AUTHORIZATION values('36', '32625252', '20', cast('2013-04-13' as date),  cast('2021-10-02' as date))
insert into INS_AUTHORIZATION values('37', '3062552', '20', cast('2012-10-02' as date),  cast('2018-08-21' as date))
insert into INS_AUTHORIZATION values('38', '5788326', '20', cast('2012-04-10' as date),  cast('2021-10-02' as date))
insert into INS_AUTHORIZATION values('39', '3453763', '10', cast('2010-08-21' as date),  cast('2021-04-10' as date))
insert into INS_AUTHORIZATION values('40', '8723462', '30', cast('2010-08-21' as date),  cast('2016-04-12' as date))
insert into INS_AUTHORIZATION values('41', '5788326', '20', cast('2012-10-02' as date),  cast('2021-04-10' as date))
insert into INS_AUTHORIZATION values('42', '3252667', '20', cast('2015-08-24' as date),  cast('2018-08-21' as date))
insert into INS_AUTHORIZATION values('43', '5264354', '20', cast('2015-06-25' as date),  cast('2021-04-10' as date))
insert into INS_AUTHORIZATION values('44', '2532544', '20', cast('2015-08-24' as date),  cast('2019-06-25' as date))
insert into INS_AUTHORIZATION values('45', '32625252', '50', cast('2015-08-24' as date),  cast('2021-04-13' as date))
insert into INS_AUTHORIZATION values('46', '3453763', '10', cast('2013-04-13' as date),  cast('2021-04-13' as date))
insert into INS_AUTHORIZATION values('47', '3062552', '20', cast('2015-06-25' as date),  cast('2016-04-12' as date))
insert into INS_AUTHORIZATION values('48', '8723462', '20', cast('2012-10-02' as date),  cast('2016-04-12' as date))
insert into INS_AUTHORIZATION values('49', '2367363', '10', cast('2013-04-13' as date),  cast('2021-03-14' as date))
insert into INS_AUTHORIZATION values('50', '3252667', '30', cast('2010-08-21' as date),  cast('2021-04-13' as date))
insert into INS_AUTHORIZATION values('51', '8723462', '20', cast('2013-04-13' as date),  cast('2018-08-21' as date))
insert into INS_AUTHORIZATION values('52', '32625252', '20', cast('2012-10-02' as date),  cast('2021-04-10' as date))
insert into INS_AUTHORIZATION values('53', '2532544', '30', cast('2012-04-10' as date),  cast('2018-08-24' as date))
insert into INS_AUTHORIZATION values('54', '32625252', '30', cast('2015-08-24' as date),  cast('2016-12-16' as date))
insert into INS_AUTHORIZATION values('55', '3453763', '20', cast('2015-08-24' as date),  cast('2016-04-12' as date))
insert into INS_AUTHORIZATION values('56', '8723462', '20', cast('2015-06-25' as date),  cast('2018-08-24' as date))
insert into INS_AUTHORIZATION values('57', '3062552', '30', cast('2011-12-16' as date),  cast('2021-04-13' as date))
insert into INS_AUTHORIZATION values('58', '3062552', '30', cast('2015-08-24' as date),  cast('2021-10-02' as date))
insert into INS_AUTHORIZATION values('59', '8723462', '20', cast('2010-08-21' as date),  cast('2021-10-02' as date))
insert into INS_AUTHORIZATION values('60', '2367363', '30', cast('2010-08-21' as date),  cast('2021-10-02' as date))
insert into INS_AUTHORIZATION values('61', '8723462', '20', cast('2015-06-25' as date),  cast('2021-10-02' as date))
insert into INS_AUTHORIZATION values('62', '8723462', '10', cast('2012-04-12' as date),  cast('2016-12-16' as date))
insert into INS_AUTHORIZATION values('63', '3062552', '20', cast('2012-10-02' as date),  cast('2021-04-13' as date))
insert into INS_AUTHORIZATION values('64', '3252667', '30', cast('2010-08-21' as date),  cast('2021-10-02' as date))
insert into INS_AUTHORIZATION values('65', '32625252', '30', cast('2015-08-24' as date),  cast('2021-10-02' as date))
insert into INS_AUTHORIZATION values('66', '5788326', '20', cast('2012-04-12' as date),  cast('2019-06-25' as date))
insert into INS_AUTHORIZATION values('67', '3062552', '30', cast('2013-04-13' as date),  cast('2019-06-25' as date))
insert into INS_AUTHORIZATION values('68', '2367363', '30', cast('2013-03-14' as date),  cast('2021-10-02' as date))
insert into INS_AUTHORIZATION values('69', '5788326', '30', cast('2013-03-14' as date),  cast('2021-10-02' as date))
insert into INS_AUTHORIZATION values('70', '3252667', '30', cast('2015-08-24' as date),  cast('2019-06-25' as date))
insert into INS_AUTHORIZATION values('71', '2532544', '20', cast('2013-03-14' as date),  cast('2021-04-13' as date))
insert into INS_AUTHORIZATION values('72', '8723462', '30', cast('2012-10-02' as date),  cast('2021-03-14' as date))
insert into INS_AUTHORIZATION values('73', '32625252', '20', cast('2013-03-14' as date),  cast('2016-04-12' as date))
insert into INS_AUTHORIZATION values('74', '3252667', '20', cast('2012-04-12' as date),  cast('2016-04-12' as date))
insert into INS_AUTHORIZATION values('75', '8723462', '20', cast('2012-10-02' as date),  cast('2021-10-02' as date))
insert into INS_AUTHORIZATION values('76', '3062552', '50', cast('2015-08-24' as date),  cast('2021-10-02' as date))
insert into INS_AUTHORIZATION values('77', '3453763', '20', cast('2012-10-02' as date),  cast('2018-08-24' as date))
insert into INS_AUTHORIZATION values('78', '3453763', '30', cast('2011-12-16' as date),  cast('2021-04-13' as date))
insert into INS_AUTHORIZATION values('79', '3062552', '30', cast('2010-08-21' as date),  cast('2021-03-14' as date))
insert into INS_AUTHORIZATION values('80', '5788326', '20', cast('2013-04-13' as date),  cast('2018-08-21' as date))
insert into INS_AUTHORIZATION values('81', '3062552', '30', cast('2013-04-13' as date),  cast('2021-03-14' as date))
insert into INS_AUTHORIZATION values('82', '32625252', '20', cast('2015-06-25' as date),  cast('2021-03-14' as date))
insert into INS_AUTHORIZATION values('83', '2367363', '30', cast('2015-06-25' as date),  cast('2021-03-14' as date))
insert into INS_AUTHORIZATION values('84', '3453763', '30', cast('2012-04-12' as date),  cast('2021-10-02' as date))
insert into INS_AUTHORIZATION values('85', '3062552', '30', cast('2015-06-25' as date),  cast('2016-04-12' as date))
insert into INS_AUTHORIZATION values('86', '2367363', '20', cast('2012-04-12' as date),  cast('2018-08-24' as date))
insert into INS_AUTHORIZATION values('87', '3062552', '20', cast('2012-10-02' as date),  cast('2018-08-24' as date))
insert into INS_AUTHORIZATION values('88', '2367363', '30', cast('2013-04-13' as date),  cast('2016-12-16' as date))
insert into INS_AUTHORIZATION values('89', '5264354', '20', cast('2015-06-25' as date),  cast('2021-03-14' as date))
insert into INS_AUTHORIZATION values('90', '5788326', '20', cast('2015-08-24' as date),  cast('2021-03-14' as date))
insert into INS_AUTHORIZATION values('91', '3453763', '20', cast('2012-04-10' as date),  cast('2021-03-14' as date))
insert into INS_AUTHORIZATION values('92', '3062552', '20', cast('2013-03-14' as date),  cast('2021-04-10' as date))
insert into INS_AUTHORIZATION values('93', '3252667', '30', cast('2013-04-13' as date),  cast('2021-10-02' as date))
insert into INS_AUTHORIZATION values('94', '5264354', '10', cast('2013-04-13' as date),  cast('2021-10-02' as date))
insert into INS_AUTHORIZATION values('95', '2367363', '10', cast('2012-04-12' as date),  cast('2021-04-13' as date))
insert into INS_AUTHORIZATION values('96', '3252667', '20', cast('2012-04-12' as date),  cast('2016-12-16' as date))
insert into INS_AUTHORIZATION values('97', '5264354', '20', cast('2011-12-16' as date),  cast('2021-04-10' as date))
insert into INS_AUTHORIZATION values('98', '5788326', '20', cast('2012-04-10' as date),  cast('2021-04-13' as date))
insert into INS_AUTHORIZATION values('99', '2532544', '20', cast('2012-04-10' as date),  cast('2021-03-14' as date))



GO
CREATE VIEW PATIENT_VIEW AS
SELECT PATIENT.[Patient ID], PATIENT.[First Name], PATIENT.[Last Name], PATIENT.Street, PATIENT.City, PATIENT.[State], PATIENT.Zip, PATIENT.[Date of Birth], PATIENT.[E-Mail], PATIENT.[Cell #],
INSURANCE.[Policy Number], INSURANCE.[Group Number], INSURANCE.[Group Name], INSURANCE.Deductible, INS_AUTHORIZATION.[Authorization #], INS_AUTHORIZATION.[Number of Visits],
INS_AUTHORIZATION.[Eff. Start Date], INS_AUTHORIZATION.[Eff. End Date]
FROM PATIENT LEFT OUTER JOIN INSURANCE ON PATIENT.[Patient ID] = INSURANCE.[Patient ID] LEFT OUTER JOIN INS_AUTHORIZATION ON INSURANCE.[Patient ID] = INS_AUTHORIZATION.[Patient ID]


GO
SET ANSI_NULLS ON
GO
SET QUOTED_IDENTIFIER ON
GO
-- =============================================
-- Author:		<Author,,Name>
-- Create date: <Create Date,,>
-- Description:	<Description,,>
-- =============================================
CREATE PROCEDURE VIEW_METADATA
AS
BEGIN
	-- SET NOCOUNT ON added to prevent extra result sets from
	-- interfering with SELECT statements.
	SET NOCOUNT ON;

    -- Insert statements for procedure here
	SELECT c.TABLE_NAME, c.COLUMN_NAME
	FROM INFORMATION_SCHEMA.[view_column_usage] as cu
	JOIN INFORMATION_SCHEMA.[columns] as c
	ON c.TABLE_SCHEMA = cu.TABLE_SCHEMA AND
	c.TABLE_CATALOG = cu.TABLE_CATALOG AND
	c.TABLE_NAME = cu.TABLE_NAME AND
	c.COLUMN_NAME = cu.COLUMN_NAME 
	WHERE cu.VIEW_NAME = 'PATIENT_VIEW'
	END
GO

